<?xml version="1.0" encoding="UTF-8"?>
<!DOCTYPE suite SYSTEM "http://testng.org/testng-1.0.dtd">
<suite thread-count="1" name="Failed suite [Sprint2_Regression]">
  <parameter name="browser" value="Chrome"/>
  <test name="Test(failed)">
    <parameter name="browser" value="Chrome"/>
    <classes>
      <class name="testscripts.regression.S38_TC01_VerifyClipDetails_ClipSection">
        <methods>
          <include name="testMethodTearDown"/>
          <include name="runFileUpload" invocation-numbers="0"/>
          <include name="suiteSetup"/>
          <include name="testMethodSetup"/>
        </methods>
      </class> <!-- testscripts.regression.S38_TC01_VerifyClipDetails_ClipSection -->
    </classes>
  </test> <!-- Test(failed) -->
</suite> <!-- Failed suite [Sprint2_Regression] -->
