<?xml version="1.0" encoding="UTF-8"?>
<!DOCTYPE suite SYSTEM "http://testng.org/testng-1.0.dtd">
<suite name="Failed suite [Default suite]">
  <test name="Default test(failed)">
    <classes>
      <class name="testscripts.regression.S38_TC01_VerifyClipDetails_ClipSection">
        <methods>
          <include name="runFileUpload"/>
          <include name="suiteTearDown"/>
          <include name="suiteSetup"/>
        </methods>
      </class> <!-- testscripts.regression.S38_TC01_VerifyClipDetails_ClipSection -->
    </classes>
  </test> <!-- Default test(failed) -->
</suite> <!-- Failed suite [Default suite] -->
